{
  "Merkle: Add Leaf": {
    "mean": 0.001149899049778469,
    "median": 0.0010120020306203514,
    "stdev": 0.0007963339049890953,
    "min": 0.000981999619398266,
    "max": 0.02443699850118719,
    "p95": 0.0015129990060813725,
    "p99": 0.0016230005712714046,
    "iterations": 1000
  },
  "Merkle: Build Tree (10 tx)": {
    "mean": 0.015731463012343738,
    "median": 0.015148001693887636,
    "stdev": 0.0018968443334636787,
    "min": 0.014868997823214158,
    "max": 0.027581998438108712,
    "p95": 0.021321000531315804,
    "p99": 0.024016000679694116,
    "iterations": 1000
  },
  "Merkle: Get Root": {
    "mean": 0.016117534036311554,
    "median": 0.015089000953594223,
    "stdev": 0.002612153094866198,
    "min": 0.01485800021328032,
    "max": 0.03111899786745198,
    "p95": 0.02318399856449105,
    "p99": 0.024224998924182728,
    "iterations": 1000
  },
  "Crypto: SHA-256 Hash": {
    "mean": 0.0005619749608740676,
    "median": 0.0005410001904238015,
    "stdev": 0.000221554582184607,
    "min": 0.0005200017767492682,
    "max": 0.0073640003392938524,
    "p95": 0.00059100057114847,
    "p99": 0.0008210008672904223,
    "iterations": 1000
  },
  "Crypto: SHA3-256 Hash": {
    "mean": 0.0008954689219535794,
    "median": 0.0008809984137769789,
    "stdev": 0.0003639028949931404,
    "min": 0.0008509996405337006,
    "max": 0.010228999599348754,
    "p95": 0.0008919996616896242,
    "p99": 0.0009220020729117095,
    "iterations": 1000
  },
  "Config: Get Value": {
    "mean": 0.0014314710679173004,
    "median": 0.0013419994502328336,
    "stdev": 0.0005133247558850667,
    "min": 0.0013120006769895554,
    "max": 0.012053002137690783,
    "p95": 0.001962998794624582,
    "p99": 0.0020740008039865643,
    "iterations": 1000
  },
  "Config: Set Value": {
    "mean": 0.018555606024165172,
    "median": 0.016051000784500502,
    "stdev": 0.004569868375545772,
    "min": 0.01469799826736562,
    "max": 0.06430199937312864,
    "p95": 0.02507699900888838,
    "p99": 0.035115997889079154,
    "iterations": 1000
  },
  "Serialize: JSON dumps": {
    "mean": 0.0025978890516853426,
    "median": 0.002545002644183114,
    "stdev": 0.000440151299114983,
    "min": 0.0024840010155458003,
    "max": 0.011411000741645694,
    "p95": 0.002655000571394339,
    "p99": 0.0035470002330839634,
    "iterations": 1000
  },
  "Serialize: JSON loads": {
    "mean": 0.004693269012932433,
    "median": 0.004548997821984813,
    "stdev": 0.0011517598281146494,
    "min": 0.004428002284839749,
    "max": 0.034986001992365345,
    "p95": 0.004998997610528022,
    "p99": 0.006772999768145382,
    "iterations": 1000
  },
  "Serialize: Pickle dumps": {
    "mean": 0.0011509230753290467,
    "median": 0.001082000380847603,
    "stdev": 0.00040352790674270917,
    "min": 0.0010519979696255177,
    "max": 0.012864999007433653,
    "p95": 0.0015730001905467361,
    "p99": 0.0016830017557367682,
    "iterations": 1000
  },
  "Serialize: Pickle loads": {
    "mean": 0.0020191400035400875,
    "median": 0.0019840008462779224,
    "stdev": 0.0004028960164573382,
    "min": 0.0019430008251219988,
    "max": 0.013706001482205465,
    "p95": 0.002033997589023784,
    "p99": 0.0029859984351787716,
    "iterations": 1000
  }
}